article_id,source,article_text,publication_date
3001,"The Daily News","The government announced a comprehensive new policy today aimed at boosting economic growth and reforming public services. Experts suggest that the policy could have far-reaching impacts.",2025-02-15
3002,"Global Times","In a surprising move, the government unveiled a policy designed to address long-standing economic issues. Analysts are already debating its potential benefits and drawbacks.",2025-02-15
3003,"Reuters","Today's policy announcement marks a significant shift in governmental strategy, with officials promising substantial changes in key sectors including education and healthcare.",2025-02-15
3004,"BBC News","The newly announced government policy is set to redefine economic and social welfare programs. Early responses from both supporters and critics have been mixed.",2025-02-15
3005,"The Guardian","A detailed report on the government's latest policy reform reveals plans to stimulate economic growth while addressing public service deficiencies.",2025-02-15
3006,"Al Jazeera","Government officials unveiled a new policy today that aims to reform various aspects of public administration. The policy is expected to face both praise and opposition.",2025-02-15
3007,"CNN","The policy announced by the government this morning focuses on long-term economic stability and improved public services. Experts are analyzing its potential impact.",2025-02-15
3008,"Financial Times","The latest government policy, announced today, is expected to revolutionize public sector operations and boost the economy, though some experts remain skeptical.",2025-02-15
3009,"New York Times","A groundbreaking policy aimed at economic reform was announced by the government today. The policy includes several initiatives targeted at enhancing public welfare.",2025-02-15
3010,"Wall Street Journal","In a bid to stimulate economic growth, the government has introduced a new policy reform that promises to overhaul current public service systems.",2025-02-15
