post_id,subreddit,title,text,timestamp
5001,r/politics,"New Government Policy Announced","Today, the government announced a sweeping new policy aimed at economic reform. Users are debating its merits.",2025-02-15 11:00:00
5002,r/news,"Policy Change Shocks Citizens","A recently announced government policy is drawing mixed reactions. Some view it as a breakthrough, while others criticize its vague language.",2025-02-15 11:30:00
5003,r/worldnews,"Global Reaction to New Policy","The new government policy has not only sparked national debate but also international commentary, with analysts from around the globe weighing in.",2025-02-15 12:00:00
5004,r/politics,"Is the New Policy Effective?","Discussion thread on whether the government's new policy will truly benefit the economy. Opinions vary widely.",2025-02-15 12:30:00
5005,r/politics,"Policy Reform: A Closer Look","A detailed analysis of the new policy reform and its potential impacts on public services.",2025-02-15 13:00:00
5006,r/news,"Criticism of New Policy","A heated debate has emerged over the clarity and effectiveness of the recently unveiled policy, with many questioning its long-term benefits.",2025-02-15 13:30:00
5007,r/politics,"Support for Economic Policy","Many citizens express support for the government's bold new economic policy, citing potential benefits for growth.",2025-02-15 14:00:00
5008,r/news,"Policy Details Revealed","An in-depth report outlining the specifics of the new government policy, including expert opinions.",2025-02-15 14:30:00
5009,r/worldnews,"International Impact of Policy Reform","News article discussing how the new policy reform might influence international markets and foreign policy.",2025-02-15 15:00:00
5010,r/politics,"Future of Policy Reform","Speculation on how this new policy might set the stage for future reforms in government strategy.",2025-02-15 15:30:00
